complexity_score,department_count,original_cost_usd,change_domain,risk_level,cost_overrun_usd
4.370861069626263,4,248230.5996270299,Electrical,High,82932.56494579215
9.556428757689245,3,193788.10601430942,Software,High,60524.58706470585
7.587945476302646,5,225612.09177746007,Software,High,90685.3803428652
6.387926357773329,1,114255.38248831671,Electrical,Low,14290.996387167046
2.4041677639819286,5,444806.06714829325,Mechanical,Medium,100284.90238032199
2.403950683025824,1,225859.2087081492,Software,Low,7860.149008064857
1.5227525095137953,2,441347.2607875938,Software,Medium,47734.921268508195
8.795585311974417,1,53741.046473230774,Electrical,Medium,8646.355194395517
6.41003510568888,4,494149.3602290655,Electrical,High,182660.98135539755
7.372653200164409,3,222193.2706343655,Mechanical,Medium,61402.6963286226
1.185260448662222,2,24867.57937665863,Software,Low,2927.6285983560656
9.72918866945795,1,19972.90227049,Mechanical,High,6476.079487882242
8.491983767203795,5,373357.4214834375,Mechanical,High,154043.02054575479
2.9110519961044856,2,329858.7315676367,Electrical,Medium,62581.301237605214
2.636424704863906,2,401263.1485056662,Software,Medium,52730.764504556326
2.650640588680904,1,53578.39944245017,Software,Low,4542.153956972315
3.7381801866358395,2,18749.862650738625,Software,Medium,3345.6519379658926
5.72280788469014,5,254781.06543434167,Electrical,High,61887.78571268557
4.887505167779042,2,194410.020509902,Electrical,Medium,40591.87026766858
3.6210622617823773,5,231511.52139880692,Electrical,High,62231.821792135954
6.506676052501415,1,495802.6160262667,Electrical,Low,77141.3080218092
2.2554447458683766,3,485404.2288776644,Electrical,Medium,92049.26074673978
3.629301836816963,2,471215.3794469232,Software,Medium,58272.40306120111
4.297256589643226,3,392137.49570706923,Mechanical,Low,81105.52090702081
5.104629857953324,5,178065.83876818832,Software,High,68290.89977964568
8.066583652537123,2,206653.334201123,Mechanical,Medium,44740.531435775585
2.7970640394252375,4,275258.4058157433,Electrical,Medium,51618.75972622582
5.628109945722504,3,415436.69374601514,Mechanical,Medium,78288.98490111977
6.331731119758382,2,35287.70342661561,Software,High,10260.106791878332
1.4180537144799796,3,212724.14605655917,Software,Medium,16050.15737493122
6.467903667112945,2,42226.214066175075,Mechanical,Medium,7276.913171939909
2.5347171131856236,1,257814.13570018226,Electrical,Low,11243.397267302604
1.5854643368675156,3,449551.51117911143,Electrical,Low,39939.77635886556
9.539969835279999,4,391459.977357405,Software,High,106849.82151382063
9.690688297671034,4,114693.36635401187,Mechanical,High,44564.87962868621
8.27557613304815,5,488019.4339497974,Electrical,High,223861.22474911538
3.741523922560336,2,334007.84862516774,Electrical,Medium,41189.03694857961
1.8790490260574548,3,6203.421999304131,Software,Medium,1156.580978314896
7.158097238609412,5,128451.32885792454,Electrical,High,53134.675655545034
4.961372443656412,3,131095.93666003837,Mechanical,Medium,16316.68860087011
2.0983441136030097,2,35557.898836644104,Software,Low,2570.31928096962
5.456592191001432,4,479953.43251988856,Software,High,173449.78893049902
1.3094966900369656,1,239649.39199338594,Mechanical,Low,20376.281148465772
9.18388361870904,4,448011.4840885691,Software,High,135845.50950763252
3.3290198344001523,5,161785.53621886956,Electrical,Medium,27194.905829337025
6.962700559185838,1,63491.55164598073,Electrical,Medium,12407.742552816859
3.8053996848046987,5,237693.71884320074,Mechanical,High,63555.53572259076
5.680612190600297,2,57864.36072244426,Electrical,High,7897.463330121778
5.920392514089517,1,243521.73598579242,Mechanical,Medium,34751.825064033364
2.6636900997297435,5,460228.29342848447,Mechanical,Medium,81877.23292979437
9.726261649881026,2,260863.30277527214,Electrical,High,87742.74049615458
7.976195410250031,4,308633.36372064665,Mechanical,High,127338.14444464559
9.455490474077703,2,79162.58004993034,Electrical,Medium,18564.29766663565
9.053446153848839,3,22824.077314104772,Software,Medium,5887.4378771643005
6.381099809299767,2,56293.17312772371,Software,High,19054.86451893847
9.296868115208051,2,299667.2562664985,Mechanical,Medium,68914.5456055372
1.7964325184672756,3,48410.83779716003,Electrical,Low,11801.232169188877
2.763845761772307,5,188620.4520807144,Electrical,Medium,24194.77388268666
1.4070456001948426,5,275495.87828861986,Software,High,61820.80628972465
3.927972976869379,2,194937.74651629367,Software,Medium,35014.233621935804
4.498095607205338,3,82678.21693118544,Electrical,Medium,19858.242047077547
3.442141285965063,3,137621.86244953916,Mechanical,Medium,20862.42421630329
8.458637582367365,4,464230.44889143994,Software,High,142216.30408437934
4.210779940242303,5,338315.15551759134,Mechanical,Medium,101904.3066521588
3.5284105871864266,1,248527.87150126338,Mechanical,Medium,20704.28885685173
5.884264748424236,5,7344.730103459866,Software,Medium,1874.4977337335902
2.2683180247728636,5,496215.28484424565,Mechanical,Medium,123921.01461816304
8.219772826786357,4,336056.012512427,Mechanical,High,111307.23955239919
1.6709557931179373,1,159144.31619512753,Electrical,Low,10178.543427670875
9.881982429404655,4,439755.06133892125,Mechanical,High,154154.09160090348
7.9502029236699165,1,129957.37852561723,Electrical,Medium,30452.991352942434
2.7884411338075514,2,272464.27301219304,Software,Low,50360.6620556793
1.0496990541124216,1,318399.3111011827,Software,Low,27838.210687661107
8.339152856093508,4,111310.6223554105,Electrical,High,50005.34043345546
7.361716094628554,5,489220.24212149734,Software,High,177109.5028773291
7.561064512368886,1,374347.7610835198,Mechanical,Medium,92850.45911493267
7.941433120173512,1,279348.7995300239,Mechanical,Medium,46796.906620001086
1.6664018656068134,3,91116.70448947515,Mechanical,Medium,22932.603410681946
4.226191556898454,5,27875.245292015035,Software,High,10924.293134996731
2.0428215357261674,2,160709.85642797075,Mechanical,Low,18360.071149124673
8.767930832880342,4,376840.480620788,Software,High,163264.6206656061
6.609683141448022,2,135396.31785271052,Mechanical,Medium,34978.86312385577
3.9780822236738427,5,270238.5540272571,Electrical,High,104669.68506583461
1.5720251525742128,1,364245.64118864085,Software,Low,-11116.390685628554
3.79884089544096,1,54863.91360858571,Software,Low,8940.084921509693
3.9266498982407234,5,342963.7100418208,Mechanical,Medium,80944.4726569233
7.566455605042576,1,46843.572967312306,Software,Medium,9698.985116734271
6.738017242196918,1,482599.7413213713,Software,Medium,87827.15917785703
8.98491468318694,1,244708.67090240485,Electrical,Medium,53141.98335981221
5.249934326457543,4,76187.37774722882,Electrical,Medium,20791.994809431177
2.0763482134447155,4,171849.4343807397,Mechanical,Low,32328.12516699894
7.419203085006955,3,207294.80819833546,Electrical,High,68849.52291153984
7.847065437552077,2,379334.32052719215,Mechanical,High,138333.75559267256
6.051494778125466,5,371968.46925222804,Mechanical,High,134531.22393722585
7.938704619591049,5,306358.31216332817,Mechanical,Medium,90301.866874034
5.444160367279517,5,53859.42556668798,Software,High,22891.023952404186
5.704595464437946,3,76633.11642224912,Electrical,High,20985.587822791982
4.847869165226947,4,47784.703402132756,Mechanical,High,10843.903187178772
1.2287721406968566,3,289009.21886048745,Electrical,Medium,38163.59731203117
1.97102284293974,5,438692.0823141906,Mechanical,Medium,83479.81741329077
1.2828626711806081,2,217466.45561513113,Electrical,Low,31602.09301047494
6.727693701374023,1,81263.23880491535,Electrical,Medium,14325.181354297449
3.82920382968694,4,279463.12024933455,Mechanical,Medium,62933.4233911832
5.577136220482325,4,406064.3562159892,Software,Medium,137610.28773367923
9.168098265334837,3,371114.31869495206,Electrical,High,143842.8670666761
3.2436300623398746,4,440843.93905783567,Software,Low,100300.90823129468
4.693446307320667,5,139673.14652718505,Software,High,43846.90987425999
7.799960246887438,5,97782.97976661965,Mechanical,High,29113.566968939445
3.059183489424602,3,440028.4264850274,Mechanical,Medium,18033.321092474725
1.6928191884591368,5,329122.5960762335,Mechanical,Medium,49190.09011499305
3.6077630762239123,2,156153.53607376953,Electrical,Medium,2357.584748496337
2.4509915852860398,3,371431.6772356821,Mechanical,Medium,64050.542012408
9.367278871083158,2,407744.0738557036,Mechanical,Medium,86184.18552605459
8.273083416079754,1,307874.1419302251,Electrical,High,70326.92299333973
6.700633808593811,2,344254.17083007767,Electrical,Medium,67836.39049421022
8.84314531168946,1,188254.6923168905,Mechanical,Medium,31196.733641197738
8.23304869209203,1,269809.1380041765,Mechanical,Low,58288.0938432021
2.6791305299743224,2,262555.42619235493,Mechanical,Low,43470.84885972129
9.0330309864098,3,424175.84777425515,Mechanical,High,131665.77662793812
5.854080177240856,5,420142.0261608091,Software,High,136944.09333515333
8.266961396476562,5,416507.55420417455,Software,High,160250.95187224634
9.06482169931144,1,6504.775516970431,Mechanical,High,1532.6566046159915
3.8620312747467747,1,375023.1967499752,Software,Medium,52004.78368732113
1.9904673207490908,3,379579.5186653914,Electrical,Low,25927.587984171216
3.051416462877475,4,339511.0326047158,Software,Medium,69279.63534639226
4.843970097636307,2,378376.06428783486,Software,Medium,53313.705202662044
8.362132893302437,1,421143.21537685767,Mechanical,Medium,52055.346785707094
8.74657524930709,5,235689.20799679102,Software,High,83009.72698507314
1.0625691747807164,3,251523.05653073514,Software,Medium,24914.568213590785
5.596725723198092,2,63232.31439878385,Software,High,20700.80096576375
4.7566990283390105,3,193302.56564063355,Software,High,56060.782827382754
2.9989702942365724,2,322039.2247759804,Electrical,Medium,28072.378704819293
2.0787883060031453,2,390419.48829749,Mechanical,Medium,79503.1267482752
4.038536542632651,1,109387.33974791407,Mechanical,Medium,17710.091235395976
9.486187335212673,3,69773.62668045846,Electrical,High,23407.425439638366
3.908826388186797,3,331857.9602457456,Software,Medium,30179.390737865273
5.669115595690295,5,1938.06187893041,Electrical,High,608.1774905600023
7.3271706300566,5,90007.91956935759,Software,High,31402.134464062874
4.272666421413646,1,15506.618791632913,Electrical,Low,2365.404641003713
9.746038744488645,1,84275.67380958059,Mechanical,Medium,20778.45447550261
9.662025654479,4,91478.3206828271,Mechanical,High,37987.24075509272
3.2660406624282774,5,194449.1237804467,Mechanical,Medium,23026.128246310174
5.475236553031469,2,201761.23521859144,Software,Medium,36832.27803382378
3.707904788350927,3,437256.97283450863,Software,Medium,68928.21873326378
3.5635644493972087,1,255544.74653691376,Electrical,Low,65765.03608094377
1.3319825261907952,3,361978.97804053087,Electrical,Medium,48220.834035884705
6.486079005819072,3,52964.541602223435,Mechanical,High,14626.609694868863
5.524111209059753,4,113493.93897638323,Software,High,36134.21288592101
1.463308761249904,5,351768.77704835974,Electrical,Medium,60335.80874834213
3.507818178129503,1,27349.176273795518,Software,Medium,633.5520731779452
9.174392973699883,3,243812.23345963281,Software,High,89730.48880770685
3.1560570160027517,1,300085.113865804,Mechanical,Low,30552.55090565716
2.304053848821008,2,301470.67638218804,Mechanical,Medium,37149.10002337751
5.405074842498067,4,12443.472822752974,Software,Medium,2083.008680057478
9.870854086995406,2,161731.89411036356,Software,High,45829.49777829568
3.178497443603504,1,318608.83487352787,Software,Low,51494.062771010336
7.049219926652907,1,75350.86833847247,Software,Medium,17418.1920013518
7.854576537958458,5,348012.40851569857,Mechanical,High,135280.6287453753
3.1387378959315972,3,373216.6791980236,Electrical,Medium,24834.281368640524
7.553947137506736,3,491002.6260326265,Mechanical,High,170604.9385851359
4.310048194473279,2,105711.1554333483,Electrical,Medium,6855.780211829956
6.690752475342215,4,412740.20316539146,Software,High,122708.69647572018
6.7017673968480524,3,260627.99188240836,Electrical,Medium,66148.53980544009
5.821972156672826,5,187357.83547594256,Mechanical,High,69361.651798338
1.8126079304896747,2,62066.001905263794,Mechanical,Low,8691.566946371653
8.517722460303142,2,368017.29763728124,Software,High,141101.86891687918
3.8870205847456223,5,118692.94197269986,Mechanical,Medium,28047.86219633961
2.678666593598688,4,186339.57893464982,Software,Low,12900.109726112814
1.3669762739928752,5,32208.57122178685,Mechanical,Medium,4896.607944444157
6.318036488694176,4,400882.09099394,Mechanical,High,129360.69183014914
7.098079256580542,5,383527.67346185003,Software,High,133672.47345786612
1.1492904603507053,5,367074.2991911139,Electrical,Medium,50062.54663782636
5.608837524693529,1,150422.31173545145,Mechanical,Medium,15437.053068473411
3.0384619767814414,2,87566.55705871266,Electrical,Medium,22383.253513771393
6.806555113685048,5,319139.0789706446,Mechanical,High,106165.15241828795
2.569297861044923,5,248587.0256724965,Mechanical,Medium,76097.35355171698
7.218439642922194,3,89947.98098541614,Mechanical,Medium,14500.700603293097
4.480618116704837,2,343269.724253882,Mechanical,Medium,65242.62479502971
9.43056989863061,3,495572.0894788305,Electrical,High,179863.2410627227
2.2376884973139393,2,373862.5742832768,Electrical,Medium,28962.33023885325
4.069597159452327,3,370253.20695612027,Mechanical,Medium,54673.84778746219
2.021261691165302,5,475206.0637123653,Mechanical,Medium,85329.15170148764
9.322242564507064,5,102265.24741987619,Electrical,High,35550.24375519415
8.896054180428829,1,283209.43249579874,Software,Medium,53989.28549927732
3.3214746494364005,3,489843.7108019078,Software,Medium,20366.23121553721
6.939856414307611,4,83481.7613741171,Electrical,Medium,22512.830941557357
8.354999801810942,1,350425.727762816,Mechanical,Medium,89948.18015750573
5.996807304395161,3,293319.2628399791,Mechanical,Medium,65313.48676841389
5.766855205204059,3,293653.0670021648,Software,High,120314.28202761362
3.1766706181040654,1,349137.6431325175,Software,Medium,52983.337873164186
1.837924910253093,5,464878.8445149664,Electrical,Medium,109111.41402477484
9.074941821579941,3,391508.3879858176,Software,High,159751.97094637857
9.103762514469974,5,29011.91560468879,Electrical,High,7224.134381064479
6.697913115459412,1,426511.2819179799,Software,Medium,81741.89232565461
4.051268119438306,5,113545.12363294058,Software,High,27435.03100511067
4.142886171513948,2,189080.1682034496,Software,High,36511.02500826736
7.533601109832154,4,231404.6739925787,Mechanical,High,67721.81656642756
9.073992339573193,3,240972.09437578177,Mechanical,High,79635.03483143619
8.983777818386056,4,218155.01922842304,Mechanical,High,86668.55302534823
8.018879912718615,5,468739.29381371633,Software,High,183737.6892701989
6.77828481538859,3,353303.48482434824,Electrical,High,109893.3541895761
1.7572596849554394,5,315954.1523323965,Electrical,High,98733.48219946341
2.454658426851524,2,25871.171863687836,Electrical,Low,4294.464282085681
9.086987696743714,1,452052.751799927,Electrical,Medium,103265.13367207831
6.457861536936309,3,454785.7058121897,Mechanical,Medium,54866.568080459394
1.0827734645496667,2,390326.31865162106,Mechanical,Low,27039.84108751367
1.913243885794289,2,4507.572702995959,Software,Low,540.976563256785
6.971515921972502,3,29582.845287734053,Software,Medium,7432.553294151312
1.0455542546159682,5,113386.62743197639,Electrical,Medium,11254.113842514718
2.4472724627574878,2,66543.35466430844,Mechanical,Low,8393.90036218225
5.938604104299275,4,200019.178822161,Electrical,Medium,28162.268085713244
7.227056779234239,2,461388.90598580707,Software,Medium,115209.61770485461
6.867651335523405,5,236558.15666430214,Software,High,86374.98454637224
3.018423785145038,5,7687.910589650639,Electrical,Medium,983.818496878843
7.409612992127823,4,142090.09909980223,Software,High,38862.74585850676
3.135241787471201,2,23252.859278107808,Electrical,Medium,3636.7523158235053
3.9285972834334095,5,19107.523684137577,Mechanical,Medium,5305.565178247389
7.718422646062217,3,138584.20669468056,Electrical,Medium,23689.175166652774
6.846696091424932,1,138530.55700079375,Mechanical,Medium,29372.723602744263
8.643010694447602,1,393776.1746982004,Mechanical,Medium,67939.49284679821
6.91851603070309,1,487442.49173777486,Software,Medium,104769.64404867217
6.114777430019244,2,186232.33985110914,Software,Medium,40204.062303635445
1.8430729104528323,4,215014.55255165827,Software,Medium,35565.790585516566
4.309442227534902,5,422549.9287067247,Electrical,Medium,51940.71111171323
3.386821309135529,3,134801.37102766117,Electrical,Medium,26267.611129555204
3.195906790411752,3,79034.52039732054,Software,Medium,14466.444265598735
9.75709499277201,2,426691.72207842156,Electrical,High,152276.85107826878
4.537879522000844,1,24203.792633592682,Software,Low,3578.5766310632694
9.02841899659402,2,310230.0206595084,Electrical,High,87325.69937671878
6.680247633975366,4,281434.4308859366,Mechanical,High,108169.84502606117
8.153301731874835,4,173614.30330334543,Mechanical,High,68960.73185172267
5.523733837946729,5,158279.57102758213,Software,High,44173.43330239352
6.192134961637232,5,386157.00536462903,Electrical,High,157782.50701650954
5.432659244369775,4,44125.880770510696,Electrical,Medium,9622.679100116575
2.7571868901824006,4,119155.37034638131,Mechanical,Medium,21187.57059410846
7.502069037353548,4,366491.9171872068,Mechanical,High,122303.21565110095
3.526951261967702,2,274611.9712794857,Software,Medium,38172.32697583777
1.2188436978830846,4,64866.116058259606,Mechanical,Medium,14064.765231683958
6.80925066316451,3,441185.671526748,Software,High,160500.0424578289
2.5939961146634403,1,197330.4754352322,Mechanical,Low,31474.663883337427
9.464127259176228,4,414106.31928576424,Mechanical,High,157853.24023916517
9.585357193023286,1,394068.79474832665,Electrical,Medium,101763.9094475608
9.233779511984036,2,312588.2977893923,Mechanical,High,89647.52269530049
4.331428302299,1,247746.0845162514,Mechanical,Low,40665.92762306915
1.1391095487598069,2,489795.8693504967,Software,Medium,48691.70531469177
9.354867063289529,3,73337.5711175287,Mechanical,High,18138.783625301458
4.8536573348558285,2,362852.7080480063,Software,Low,30298.120235513943
9.699893371393026,2,96404.1600309297,Mechanical,High,29147.74587811597
9.672579793803276,5,169793.28956084183,Mechanical,High,70607.92754999717
8.677085099206241,4,155040.67294322443,Software,High,50706.406675169725
3.6500400286262713,4,473570.9578816228,Electrical,Medium,73495.73283739628
4.465879557417328,3,483710.7327163493,Software,Medium,104070.96368160973
8.660230043651712,3,92324.70667312885,Software,High,28819.419822475294
3.852298046406499,4,11995.544988454589,Software,High,4250.319472352876
2.5254347201748324,5,360284.01179189346,Electrical,Medium,88679.48081714955
6.0112113621251515,4,209576.97700137168,Mechanical,High,67329.16834207953
9.425392967447028,5,45331.28229869463,Software,High,19449.566503741138
7.264268170074757,3,342193.2986829442,Software,High,119708.1283957877
6.1305505308042845,1,273007.65860208916,Electrical,Medium,40862.41970802069
1.8745884439369167,3,490277.8941785519,Software,Medium,88838.62888647482
6.535065040292528,3,114477.33843482808,Mechanical,Medium,29589.081114625555
9.91048465093837,2,202584.96028694758,Electrical,High,58959.4168757632
2.260756137128716,2,271730.35589431605,Mechanical,Low,35756.664383371266
5.664966871273631,2,396058.2942382225,Mechanical,Medium,72122.09426532727
8.896357647351598,2,274870.4897033093,Electrical,High,100582.35174416048
7.66691755978784,5,306837.18027011264,Software,High,105187.11331409795
7.273141668957412,4,113847.37874338044,Mechanical,High,35202.646474409994
7.322356755883983,1,423612.44531619136,Mechanical,Medium,79760.0109027973
4.2354203609777965,3,214886.6429382674,Mechanical,Medium,49982.47554470894
3.64232659838044,5,71338.85413336287,Mechanical,High,17454.195167603528
8.284250399306622,1,332429.76933820324,Electrical,High,80788.2288697042
8.291020552112627,5,108829.13613946845,Electrical,High,37909.54812634242
8.803650867220933,5,49683.692609410566,Mechanical,High,18130.86670804969
9.219164973008242,3,431131.46729373187,Software,High,112097.77475005077
5.60208158974844,4,230620.9699797314,Mechanical,High,89697.9479617106
5.513646652184796,2,374892.5726351924,Software,Medium,62303.16054464237
8.184656610700976,4,146003.1923433712,Mechanical,Medium,34860.397169582706
6.849675376999887,3,393698.0973239155,Software,High,155068.6284547375
7.31770189531933,3,56856.027583743635,Mechanical,High,20221.142042644056
8.16213402492491,3,178630.7135236315,Software,High,54600.4276119694
9.010048076358096,1,489052.84716879076,Mechanical,Medium,104354.64104558821
4.041956411663822,4,397200.868467635,Mechanical,Medium,74889.2405947462
4.380246573759496,4,249130.7092270294,Software,Medium,66797.2350419817
1.845837458567821,5,170548.95830938066,Electrical,Medium,28876.727423268927
6.204521268965566,5,436195.7143112158,Software,High,118193.70278393012
1.3234804641706788,5,272879.0317831733,Electrical,Medium,20736.350946925522
5.190382163192141,3,379454.0839166864,Mechanical,Medium,99270.42474998474
5.883801712368189,4,377299.7324777659,Software,Medium,67471.11167784691
3.5788712691545594,3,9954.893605677424,Software,Medium,1963.041823572983
6.317499345121097,1,64000.63761351412,Software,Medium,10774.549692261438
1.2745022494514449,5,330155.05383097637,Electrical,Medium,48956.974260232586
1.3361336987429298,3,81648.28583164985,Electrical,Medium,9556.902024841062
8.403405045936925,3,128491.17898314675,Mechanical,High,53352.103452519565
4.241715772701366,1,473372.339145604,Electrical,Low,28981.06887750904
2.143544613866963,2,280530.946929081,Electrical,Low,28847.11163682693
5.700189340493239,4,375614.02399267425,Mechanical,Medium,97971.82962380911
7.9299419778874976,2,279432.3886525373,Software,High,68402.77954045316
2.9423892474715885,5,276704.2937765799,Software,Medium,71943.11059905475
6.606014282371002,3,47981.80315272325,Mechanical,Medium,12173.1130118298
1.768127184943912,1,172487.93311194243,Software,Low,18992.938169847213
1.4651354905174694,1,141933.01844456934,Electrical,Low,9483.84892136739
5.782191684113332,4,195973.454441193,Mechanical,Medium,28642.41547582387
5.865716094490959,2,399373.7499239398,Mechanical,Medium,85201.61148827795
6.736869113483859,4,186594.40129051555,Mechanical,High,87416.73097437635
7.534822003503954,3,226396.71279660967,Software,High,74782.67321145783
9.782668715162812,4,199293.31385217293,Mechanical,High,56885.83712697578
5.646703134710758,1,47610.5780156725,Mechanical,Medium,8454.513690326217
3.9066082564712135,1,221095.0069671411,Mechanical,Low,37942.616565711825
8.156675752918334,5,98609.027249213,Software,High,32191.65796266189
3.437490261358668,5,94174.9245907477,Electrical,Medium,15942.567632690532
4.950742786350725,3,47924.01611269891,Mechanical,Medium,7039.665614504498
1.7061074320803935,2,178978.8160967406,Electrical,Low,15933.305983228185
1.2281566907391177,4,378983.46050991927,Software,Medium,52987.267315797406
9.663835732101326,3,138944.40360111464,Software,High,43338.493586715056
8.523821084609853,5,156862.20184087128,Software,High,49578.71915033304
7.263767854843282,4,321694.65417853935,Software,High,111845.28125211774
4.680576499728429,5,98724.56548087252,Electrical,Medium,20838.34151339628
2.559648880637612,4,448582.0072813436,Mechanical,Medium,65754.33699380423
2.4079333840397745,2,260575.0711025257,Software,Medium,33947.32590805734
3.252186083481358,3,224353.86721978826,Software,Low,18570.668345607646
5.943039982355084,4,279352.2757726715,Electrical,High,92830.3663653557
7.431363304300561,1,83851.12239468153,Electrical,High,21858.817008894384
6.941776390459581,1,307123.09618094895,Software,Medium,57155.95195064908
3.5194050725134858,4,182187.2675803712,Mechanical,Medium,36942.75561585528
9.593787525968747,4,448695.98414134484,Mechanical,High,193147.63718778972
7.641072250261916,4,85258.24913216538,Software,Medium,21294.424677071962
5.989186472602606,1,254018.5008288551,Electrical,Medium,54150.073493159965
6.5054867161091705,1,299458.20205514,Software,Medium,45363.91795331756
4.776400561850109,4,17658.417291404232,Software,High,5084.514043958249
3.229578905510417,5,182482.86925331398,Electrical,High,53631.21799705
4.2037541078613545,5,366584.98211571557,Software,Medium,92292.37232761827
7.820614994179322,2,410368.3762170377,Software,Medium,98019.43259709787
1.1295413976678028,3,157267.8354138239,Software,Medium,21026.19296340046
2.0446537645622462,5,399498.04291899287,Electrical,Low,47653.34078901809
1.4140237781957747,1,483910.182674591,Mechanical,Low,58970.899246186214
1.3665592208707311,5,428580.09410147194,Mechanical,Medium,54613.17133562449
8.699145256099065,2,59704.35009150327,Electrical,High,16400.325793024604
7.332920734420213,2,370125.43571068475,Mechanical,Medium,52953.68194368442
5.267564461785927,3,160513.7493878318,Software,Medium,29671.77418108248
1.8805074458590134,5,494219.5787166262,Mechanical,Medium,118016.58438802687
5.4245428760514915,1,243194.1325967837,Software,Medium,25073.343262220682
5.261245937025091,1,62094.51528111158,Mechanical,Low,14458.551821935911
2.5588168291901368,4,362867.58846566797,Electrical,Medium,77607.49395169776
4.904664843141758,1,162182.5879947207,Mechanical,Low,11407.902072222523
4.586542609576361,3,498542.0003837492,Mechanical,Low,79596.9067025432
6.542650882469948,3,489911.4464694064,Mechanical,Medium,76488.52682567996
6.715842857808794,1,328410.8749922698,Electrical,Medium,66991.02887340605
1.4077360879484007,1,65783.39802690707,Mechanical,Low,2743.6856719685816
4.371513531638241,4,343743.6378398395,Electrical,Medium,39364.397061834876
6.632739241428127,1,47422.21274355357,Software,Medium,7265.31060871729
5.528226327220789,4,15652.715392093767,Mechanical,Medium,4248.038931656625
8.7084085706949,4,411656.26466452156,Electrical,High,144491.47954389427
6.928242684570505,1,105666.720894157,Electrical,Medium,20483.053578218445
2.466409843732867,2,190134.5359833296,Mechanical,Low,28302.990198722073
1.6351187266038685,2,486755.2375981104,Software,Low,18941.10717494247
6.78177350385684,4,169083.41042869052,Electrical,High,48486.00305687271
1.2386017948745964,1,148948.40086037433,Mechanical,Low,13241.845927263823
6.2719802314611695,2,459185.7918117648,Software,Medium,71730.3099207257
9.462072172824618,1,56263.474214160095,Electrical,High,22345.25315429629
6.179267600882911,1,380031.62264720123,Electrical,Low,38486.90233550189
4.493529335858697,1,494044.71775973425,Software,Medium,45422.43917677932
6.789593965981179,5,450746.70937654976,Software,High,165140.57786110794
5.12427601442365,1,326182.29143450654,Mechanical,Medium,37664.09740059856
5.910551103843415,5,157716.33670137325,Mechanical,High,30607.47900210803
9.473183278988726,4,127906.66860798004,Electrical,High,59966.71503839507
4.474923740206968,2,409808.2973308591,Software,Medium,42377.6968825298
9.650715074415228,2,440031.13506189594,Software,High,159645.65535755007
9.148155777604574,2,263192.0213603007,Software,High,69628.18042537506
2.762120213103668,2,122925.63045244661,Electrical,Low,10851.881766656152
1.624251707876489,2,57358.660997175604,Software,Low,1905.2898399422988
1.9070020123968399,2,44502.554448083756,Software,Medium,3628.9768310785707
1.1639964308639477,2,359819.64622957393,Electrical,Low,27074.937138826746
1.8499866468033557,4,210639.24519601476,Mechanical,Medium,31832.122028321024
7.147060960747211,1,452774.5772646573,Mechanical,Medium,71799.84798088284
1.6406978361420608,3,370095.97906265507,Electrical,Low,23143.758192166333
3.8707806726438516,5,96438.94853937876,Software,Medium,17539.035123079186
8.60387779872509,3,307274.9319890338,Electrical,High,126415.58041040703
1.209447421622433,3,218317.2217446815,Mechanical,Medium,42476.069069248595
8.330216343300423,1,289047.6156535379,Mechanical,Medium,62936.53313398627
3.5366929729605996,1,369296.4925459201,Electrical,Low,57686.09043165606
2.0634834485949063,1,403291.74462089164,Electrical,Low,82268.85086438435
7.270634488277356,2,422024.9258769554,Mechanical,Medium,96062.11560359228
6.660485621018956,4,127733.46241144034,Electrical,High,46254.42976718694
8.897248121743477,2,16526.684358761486,Mechanical,High,4052.8317074265315
7.615639394234972,4,369908.0728472218,Electrical,High,106756.60279724751
8.231328373463636,4,54065.51940163152,Electrical,High,19022.164172122026
3.538311153141758,3,158144.87471787084,Electrical,Medium,19404.780353048234
2.5969558940175053,3,2904.7499280492248,Mechanical,Medium,287.734576370985
7.755532764767725,4,341153.07171840844,Electrical,Medium,68984.57595758542
8.261512653405376,4,84398.87372413941,Mechanical,High,23863.288461287317
9.91454627800606,2,327985.92243613745,Mechanical,High,98116.65082731647
4.713559092202838,2,495879.5659667516,Electrical,Medium,88105.48326867593
4.348162772135049,3,37262.764933398124,Electrical,Medium,9876.072462568987
7.987716646677971,1,39461.927963778886,Mechanical,Medium,9063.01811519178
4.06723186227716,4,170849.66624067078,Mechanical,Medium,38068.0823189973
9.376815930432082,2,433326.87061141967,Software,High,108104.46792794495
8.725714766587107,3,108549.4045268746,Mechanical,High,37650.42139501738
4.860946246375165,2,180828.53214524343,Software,Medium,28854.121460315728
7.757839610123476,4,35184.197906862806,Software,High,12698.140595902136
7.7908858667621415,4,381814.4903381858,Software,High,125551.64440879885
1.9281148195233935,5,204744.8650369661,Electrical,Medium,53648.38778403772
9.1229761601161,1,379865.1177973606,Electrical,Medium,79575.44333745491
5.547271352030714,5,451900.3143290508,Mechanical,Medium,108781.55122990276
8.438117194969674,3,117148.81040354309,Software,High,27934.104164846227
3.880446409275506,2,403890.6191396357,Electrical,Low,57705.02890289239
9.059709056465804,3,30487.851149048383,Electrical,High,12297.537058577691
4.502815108607468,4,449524.84670194343,Electrical,High,146239.87581685343
1.0975388633226852,5,325733.5052318149,Electrical,Medium,19115.19386852261
9.148437787773373,5,437239.13534503744,Electrical,High,159479.83224908423
1.821580091075202,5,1094.0113787343669,Software,Medium,288.7300332197946
3.873822738313734,3,85371.45410764027,Software,High,22245.692697567916
9.550557703457244,4,195489.93432581954,Software,High,76119.70733258524
9.555464322438006,2,190371.94878398458,Software,High,78867.75339394515
6.160940993109575,2,114138.46107883182,Mechanical,Medium,19938.095344500685
6.686534909528193,3,191424.35799373285,Software,Medium,47827.28331801307
5.036009697804878,5,65295.50728812716,Electrical,High,22599.424065688214
3.638896945282581,1,206967.80350374698,Software,Low,32254.04822156722
3.957980908329244,3,401374.81025047286,Mechanical,Low,75591.1172836638
7.052666104693346,3,240055.96148857224,Electrical,Medium,45228.58305470647
7.77137076493912,4,9982.044383662278,Software,High,3235.985975045271
8.124211393532637,2,211300.57674804446,Software,Medium,35738.188214122805
8.106563285150985,3,14560.333029331237,Software,High,3634.4483113876427
1.8208549274382133,3,483155.4619426923,Electrical,Low,96408.51206237526
5.449782742323233,5,64599.525752011614,Electrical,High,21463.249891021547
1.5180288401497986,5,354136.4748389787,Mechanical,Low,82329.09582977925
5.94575994091362,1,486415.38512315083,Electrical,Low,115501.78124972753
4.973774512360393,4,413193.4867816194,Electrical,High,126965.05821779382
8.989337644824698,1,349958.3721879756,Software,High,83698.00688976755
4.1582351129687085,5,419890.9938408827,Electrical,High,127043.94879625835
2.053603147848453,2,490917.5479370532,Software,Medium,42831.017953709365
2.2869251384755227,5,311050.90412951127,Software,High,57636.59848229157
7.85359568545725,4,280033.2186078339,Electrical,High,90371.61743565879
6.56396256984635,5,314490.8171211774,Mechanical,Medium,77013.32203649665
1.9101040851051123,4,266805.2674940159,Mechanical,Medium,33746.95536986956
1.756961255034977,4,317909.4638489497,Electrical,Medium,37442.47521283475
7.30872218313208,4,225471.26177830706,Mechanical,Medium,39627.485531283106
1.6548670572777417,4,110003.14825877025,Software,Medium,18108.620724023924
8.396740533613206,4,61003.36602932614,Software,High,27415.801644695122
7.3561800444084655,2,35102.12683059794,Electrical,Medium,9276.575782717091
1.7321390257770979,1,132394.57609284684,Mechanical,Low,17034.340245169864
1.7635394267667273,3,24015.658603531185,Mechanical,Low,4088.030599392866
9.87975620651058,1,284018.2191797734,Software,High,88489.90523516909
4.368437161805083,4,142630.39506473663,Electrical,Medium,15019.108748410077
4.335779323602019,2,412442.86923542904,Mechanical,Low,56325.30390077644
8.315196105317524,5,38046.19562120483,Electrical,High,12413.106144899673
9.525237196454729,2,113949.39567640149,Mechanical,High,38812.690566722405
9.874009574405838,4,365392.8273979828,Software,High,160689.124816787
7.780403667330475,2,299805.3398953622,Software,High,121534.0497180862
4.3863362697782415,2,33181.1443533346,Electrical,Low,5276.667834239929
1.7515064502880189,4,438742.489123938,Software,Medium,31990.812025254916
7.994322243346931,2,438753.6196502636,Mechanical,High,137351.2222410338
6.025638247622245,3,165873.59393401115,Software,High,50571.10703831056
4.817998083222786,3,170862.51583143277,Electrical,Medium,36942.55442675728
9.157189465852625,2,494525.15081673674,Electrical,High,161412.05205720398
2.000777340755362,5,313461.909624976,Electrical,Medium,57469.345992293354
5.433625938617732,4,266126.9437634615,Mechanical,Medium,47876.5967697581
1.1021828029067717,3,419237.9395924103,Mechanical,Low,46509.26882766982
5.217945777947136,5,143359.8788403009,Mechanical,Medium,36403.48987012846
1.5067294811365362,2,215162.1141047821,Mechanical,Low,2619.976652087236
2.0693612464126474,5,134620.56106867874,Mechanical,Medium,22236.084504472554
2.057736220993944,1,394791.262447777,Software,Low,53399.87741854967
6.842892719044572,3,287101.32347197377,Mechanical,Medium,84602.97144320651
7.71440391338881,2,329753.7099998952,Mechanical,Medium,61267.98754915004
6.250318885874437,4,126901.31766986387,Software,High,48606.15795681203
9.659552936270877,2,110892.42538728024,Mechanical,Medium,35418.42924279044
4.373835215713337,4,244698.9398624864,Electrical,Medium,43149.82153931234
3.571408776536747,2,369045.3087973206,Mechanical,Low,42684.04059482492
8.817392153705143,5,263094.63900255994,Mechanical,High,98175.647985965
3.0123625466750736,5,17290.193095288632,Electrical,Medium,3303.945806456481
9.669002854965502,5,434407.2016538241,Electrical,High,195299.1286407658
1.109390272208347,1,33278.759864050655,Electrical,Medium,1595.8694549651104
9.728909440368751,4,477956.4173766554,Electrical,High,216436.30878973097
1.388439207555185,5,13545.837180359089,Mechanical,Medium,1771.6425771507954
9.02028802328264,1,347530.7776092237,Electrical,High,84131.31908126819
5.749309981776698,4,42021.324792179046,Electrical,High,14389.299649610972
9.936683165073703,2,455427.61313813465,Software,High,182434.40488904368
1.6641690826185898,1,232752.18487654586,Electrical,Low,24181.8604684066
5.984688559611887,3,69624.36363369068,Electrical,Medium,15423.505704105533
9.72372282057189,1,171067.03419513346,Software,High,70748.3137991708
5.707880597531339,1,83247.51299803426,Software,High,26460.292603624068
6.664587743217362,4,86120.37386698792,Mechanical,High,28550.203238206675
7.261738200861554,2,474106.05176554964,Software,Medium,84091.58774356198
5.090869582909959,3,223177.8100301093,Mechanical,Medium,53811.737957021614
6.648022720756571,5,394612.3296887744,Software,High,154366.2412796391
6.258828807307902,5,320163.17502766324,Software,High,116799.13328610027
9.110422094418901,1,338536.75480685773,Mechanical,Medium,64425.45619627588
1.409017423073121,4,66715.02579754722,Software,Medium,9828.17603191354
3.528668706330073,4,117858.03896092736,Mechanical,Medium,20690.456343270682
9.553703356689029,5,393588.417242064,Software,High,148692.63114035214
9.012374055018247,3,485412.3370309167,Electrical,High,152967.1179657988
5.100910775071417,2,132075.14565672723,Software,Medium,23743.62353664022
6.581193380213831,3,136512.81361076888,Mechanical,Medium,24081.151900670455
3.496430646830194,2,236975.6692726415,Software,Low,35858.072510631246
2.6930904375138516,5,491936.3161148635,Mechanical,Medium,42012.687140848015
5.173285644459839,2,135210.51396740906,Mechanical,Medium,18605.7206877669
4.180170052234475,4,204078.98290749767,Electrical,Medium,50533.835876342906
6.252905006657849,1,445848.52779612987,Electrical,Medium,52954.37209284325
1.6996117326848634,1,2457.5952780596417,Mechanical,Low,307.4433851753654
9.769553268995498,5,20843.216529296205,Software,High,7413.4967366358205
9.875896700316426,4,302431.7668585384,Mechanical,High,126092.19104767467
7.2834554261777065,3,453782.70219171065,Mechanical,High,138129.81368376175
5.824867297097083,4,120189.4735405619,Software,Medium,24102.878661104984
3.78574854657695,1,235351.2455656738,Software,Low,30478.881135845848
8.324155177362538,1,225782.18552725133,Software,Medium,28830.3483794519
7.162580552984913,4,237012.70170165956,Software,High,91497.15347430488
2.463552454104022,4,311637.3281691428,Mechanical,Medium,72338.80198902501
9.198344660444583,1,235402.1377323512,Mechanical,Medium,44720.19038909921
8.40283518630852,3,224286.60251990645,Electrical,High,81248.43548717191
9.548199219627316,5,237669.92179519898,Mechanical,High,102713.45889857905
7.531475575495239,5,295842.85319424974,Software,High,106032.81691095654
6.520736763422109,4,268966.73668732785,Electrical,High,73266.18775342905
4.76418732661557,5,427213.86282760167,Software,High,171384.06803524686
9.39455635018612,1,25698.929893339642,Mechanical,High,7485.8993683757
8.794575005503676,1,416825.21866503323,Electrical,High,113152.16025038119
1.4069680309557047,4,422118.38169325027,Software,Medium,98372.20554427161
1.2373027704752682,4,143169.10274394945,Electrical,Medium,25636.214587391703
4.388170301902447,4,231963.12555290948,Electrical,High,71605.63861017236
8.294979977036496,3,219830.70578018032,Mechanical,High,62846.66766663288
9.8854851638345,5,110036.40734271101,Software,High,48242.434637994615
2.3537520199317536,4,199001.6266960719,Electrical,Medium,61716.81439526648
6.347176438169216,2,23149.49831325636,Electrical,Medium,5306.629635921432
4.428017709679193,2,139633.2143180855,Software,Medium,25304.98604270421
9.72922958033143,1,408524.40554990835,Electrical,High,143797.7652064768
8.579070308221379,5,142996.58857968586,Electrical,High,51804.845288646
8.54495834240024,4,409285.12770537555,Electrical,High,139685.67376926506
5.218238438154732,2,266268.132837611,Software,Medium,40140.26780237118
4.733375521038987,5,440051.47600321885,Software,High,128606.42344366638
3.4606636473763563,1,287814.9975779432,Software,Low,30015.567410287404
1.507379469858344,3,15804.443309305168,Software,Medium,1813.64414591621
8.782501386295479,5,338034.6835659975,Mechanical,High,124904.92952115193
8.316109082170698,5,23381.93044376076,Electrical,High,8443.395934373451
9.997459059575176,3,225847.91247258385,Software,High,84040.82652935658
9.969731533665149,5,464783.92054208386,Electrical,High,187533.63016575426
5.998885350423647,1,83436.76572958723,Electrical,Medium,14046.69656667961
7.9208867366245945,1,195546.3041178305,Mechanical,Medium,51805.72630247101
9.502891568941852,3,365200.29411539074,Software,High,130150.11203049506
8.646826516096704,4,441247.019491329,Software,High,207495.06395697812
3.226132915688779,2,335800.5593665114,Electrical,Low,52393.77614592865
5.054897217790842,4,129828.45384139344,Software,Medium,23818.390293572695
2.162434736363455,5,337629.3186051919,Electrical,Medium,84378.86175929896
9.586459245328502,2,149067.0929109409,Electrical,High,49165.3868880132
6.455571710057921,3,359496.1856795489,Mechanical,Medium,31329.86540344946
3.0577852495311646,3,477062.53066493524,Mechanical,Medium,74262.71246498641
7.045306159652711,2,360975.33210203785,Mechanical,Medium,66138.18930761977
6.5631541641210625,1,431577.37095329375,Electrical,Medium,107365.52312072879
4.223464462295564,2,2049.817744765823,Software,Medium,222.35117711572408
2.022018329796661,5,359068.4902410656,Mechanical,Low,58778.6264050185
7.044158760335196,1,414964.19087575993,Software,Medium,99194.84536750562
5.68276930813414,3,21238.810034796028,Mechanical,Medium,4565.536366064592
7.950865525620754,2,435927.2659168271,Mechanical,High,131079.03133137443
5.68147151000794,4,129090.41992671287,Electrical,Medium,22900.355118224223
8.66963350286686,4,332980.75888704957,Mechanical,High,125744.11964338558
5.9671615489703695,5,400377.08463267994,Mechanical,High,135344.41701089797
6.0484417438184765,4,331669.5920166184,Electrical,Medium,60475.029088304225
8.889882423925105,2,47050.11124455536,Software,High,13529.53752124061
4.631345795911574,2,298564.4379113238,Mechanical,Medium,35453.50627477165
2.2061370560557667,4,275242.24470434966,Electrical,Medium,31230.161786765297
1.2590440868200508,2,450260.3127690615,Mechanical,Low,70054.80855914035
7.796235301062571,5,202715.62509246037,Electrical,High,82487.66317883236
6.582785962181182,1,161219.467446438,Software,Low,34746.908306389385
7.336717912893012,5,375175.53145379666,Software,High,135166.64452491925
2.9166774535801965,5,206924.98771561493,Electrical,Medium,37581.451904379544
2.2273432802809277,2,323401.99132752646,Electrical,Low,36282.806944813434
1.1309019910109375,1,323578.59497217886,Electrical,Low,44659.867421832925
4.155288029259372,2,444131.4931156988,Software,Low,27235.00003810948
6.309259181691698,3,299747.5087572296,Mechanical,Medium,53629.20040195161
4.530196405897591,2,251574.65137103145,Software,Medium,28575.274000980975
4.937274298213562,2,70296.79187186199,Electrical,Medium,16312.616016387881
9.137428250443735,2,58753.065732673975,Electrical,High,17813.25666561434
4.134299203209703,1,78006.46107625662,Software,Medium,3917.098052783452
5.625905402438297,2,86752.39218222017,Electrical,Medium,16097.753345934469
8.052877114670288,1,319300.6692391533,Software,Medium,55011.49712073716
4.568885040891431,4,370749.64388701465,Electrical,Medium,63282.083377399045
6.598780302050861,3,265465.7699402829,Mechanical,Medium,46716.69451782103
8.761273378720707,1,414679.84854020004,Mechanical,Medium,69021.33004949291
9.54568561291878,4,495640.350140083,Electrical,High,202525.2390524781
2.323661328361341,1,410186.30193055863,Software,Low,47599.77745878993
9.339288626453449,1,347746.30446430366,Mechanical,High,104390.32535500199
5.429046637715844,3,266713.85701913614,Software,High,63084.16316564555
3.324199494690625,5,224977.6827656794,Electrical,High,65562.6197553945
5.132221806144352,5,43111.79789172663,Software,High,14658.645887652072
9.820293177569294,1,200285.00544895077,Mechanical,High,66542.11340486832
5.4335628459358265,2,455157.183754285,Software,High,127238.12648756416
3.958764492587574,4,404203.29232336994,Software,Medium,57902.86295333514
6.700607688850532,2,108809.63114083192,Electrical,Medium,7654.7886380126565
3.1613105690037377,2,233837.2845639107,Electrical,Low,53174.73800257815
1.6827699529779752,1,408544.87807671377,Electrical,Low,12158.175291556203
2.159917497195843,1,34624.89283797574,Mechanical,Medium,143.72323934890912
2.152412550619952,1,194308.900248661,Mechanical,Low,21143.134012697228
2.3671242416106493,1,426068.7772000999,Electrical,Low,8555.860895800532
2.2494445538446914,5,202545.03422089174,Electrical,Medium,29065.562991629282
6.767872703228932,1,39729.70772098899,Mechanical,Medium,7904.646956347662
2.6369207595923037,5,271724.6498975935,Mechanical,Medium,75590.58440795932
4.111005549914768,5,431009.50496422936,Mechanical,Medium,99580.72638180738
9.071095689154106,1,295552.4859336267,Mechanical,Medium,54413.71652000033
5.265654762365851,3,113913.27499890167,Electrical,Medium,21235.01144272567
7.008019646689244,4,192735.57044855328,Mechanical,High,47160.658859889685
2.5508788408146685,2,225611.55722978417,Electrical,Low,23852.91210072318
2.730601169278037,5,290053.91055644286,Software,Medium,48865.364137484816
1.3678175463983098,4,379916.1618505539,Software,Medium,60096.542766706225
2.520415567649481,3,50337.935202677065,Mechanical,Medium,12328.551348971423
3.5073130512876274,2,444936.3644757656,Software,Low,20364.706849478065
2.5930943584907213,2,7142.5418050217195,Software,Low,775.0553161681353
1.7983228038135004,5,185656.11500245336,Software,Medium,15836.348691640707
2.085722839905407,1,14682.734676356169,Mechanical,Low,1117.6150820060489
5.147008912294532,3,197094.13844730033,Mechanical,Medium,28376.633831274936
2.8570034656521326,5,263380.48683778854,Software,Medium,31115.174582180378
4.278428749432679,3,256329.01190417435,Electrical,Medium,56349.07141529027
5.530755437693712,1,83648.5451671044,Software,Medium,13864.220777389228
7.213553457664288,1,323224.5145377105,Mechanical,Medium,70461.67821117182
1.3538092585698904,5,23344.446801829443,Mechanical,Medium,3355.167722175077
8.194693590181384,1,381191.5032460753,Mechanical,Medium,72191.79276611484
6.6511035054181695,4,473375.5725627796,Software,High,193846.62696859642
1.7358312875398472,2,170544.64474840782,Electrical,Low,19766.373246080027
8.862207616960996,5,259102.45147545164,Mechanical,High,109686.08478309102
9.287851604786319,3,190076.2287513484,Mechanical,High,60528.816859424966
1.5497016386937736,4,4348.484761725917,Software,Medium,822.0653537781408
3.4918988333248335,5,193551.37694466286,Electrical,Medium,33858.42905572674
8.255811518137552,1,396068.4093714119,Software,Medium,39217.13099776726
7.734337213452926,1,298398.4322495574,Mechanical,Medium,55393.46564884732
2.6606891742073957,1,51528.697392964306,Electrical,Low,4451.831111314551
2.8841439100303927,1,423722.60535719874,Electrical,Low,13568.907414770603
4.334248925122438,3,266011.5870977362,Mechanical,Medium,49102.64698205075
5.360706866719192,4,421019.95751059335,Electrical,High,111879.43474974752
6.564292943772664,2,290530.53787372966,Electrical,Medium,99679.99850847379
4.320222756127952,3,280284.533974132,Software,Medium,28471.64761892162
5.162812445198331,3,53524.33341330918,Mechanical,Medium,6786.668144220666
7.727238443203809,2,84512.50683617535,Mechanical,Medium,21076.24718384483
1.330148826015381,2,486040.60299179895,Mechanical,Low,50208.54757737155
3.2719324990961867,1,115014.88663063062,Mechanical,Medium,18579.40161215669
7.420146272960972,3,488748.6068771936,Mechanical,Medium,117456.91894556876
9.056861539184794,5,266424.44055560743,Electrical,High,95043.60663087507
5.6050969790409955,2,68758.73448490462,Software,High,14103.917791996484
5.789021367387841,2,50551.79917409278,Mechanical,Medium,11646.602449135788
1.9645481020579845,4,105223.17128216424,Software,Medium,10001.011259864865
5.026711301411092,5,462893.02768264257,Software,High,163561.38475226949
5.793555398095209,5,207660.96193978516,Electrical,High,79503.6780879158
3.1822345327125667,2,198321.69972846427,Mechanical,Low,26057.017666443062
3.4231890785444286,1,157289.92427401684,Electrical,Low,16694.82482045643
4.395557467941604,4,74383.86343272761,Mechanical,Medium,10915.613031129982
1.1806407799995373,5,244437.7473990108,Electrical,Medium,46650.149065934005
3.8987124902486046,2,65893.84347305821,Software,Medium,-251.4347100096273
2.9030320629689017,5,417904.6379547815,Mechanical,Medium,95838.82197182122
3.9474761696012317,4,185828.09615137795,Software,Medium,36271.03526661059
2.077859186373261,4,188026.98032311638,Software,Medium,28209.143107917604
9.014745526659055,3,237529.20781309478,Electrical,High,84877.80746212011
6.342332081986438,2,222619.72886971006,Mechanical,Medium,25925.661747716786
7.111920872300407,4,497434.12855660147,Software,High,107460.28623983831
8.102541147466045,3,273145.17948793294,Electrical,High,96957.4896122678
5.485979790361515,3,45012.650191145476,Mechanical,Medium,11618.5304753666
1.7822825927868133,5,303831.79344688804,Mechanical,Medium,27273.199733037392
5.83395887636693,5,76640.56214207009,Software,High,21833.775615278028
6.281570062187912,3,16437.884720939644,Mechanical,High,5619.123152842497
7.70895526765897,5,485400.3346849468,Software,High,186189.28615579105
4.884935916067114,4,386995.9068757474,Mechanical,Medium,136001.76317785223
2.148222725160074,1,490074.38721446967,Electrical,Low,76454.6498838842
3.55398315218852,4,239461.345563099,Software,High,77844.32670328
4.267740667587716,3,266596.50804333907,Software,Medium,36210.917257888934
6.8132551719844106,3,85000.14100364599,Mechanical,High,28767.372700090025
6.137004742020207,4,124206.8059071252,Mechanical,Medium,36867.778846871515
4.204870533080616,5,419436.05823651125,Software,Medium,85922.95283669636
9.878637239136816,5,178736.63791167949,Mechanical,High,70121.74864580504
6.451973374211985,3,413580.67192441307,Electrical,High,129801.16767995102
3.1350411256239505,2,354797.84841922886,Mechanical,Low,36828.25892570006
1.9160422535836337,5,89408.2917106609,Electrical,Medium,17183.273144187584
2.375732252658988,4,254215.73669375133,Electrical,Medium,45208.35148536493
3.213619555460573,5,339016.2734378397,Electrical,Medium,92281.45483152117
2.446132359336001,4,118283.57018710874,Electrical,Medium,18596.822440180167
2.679103216461752,3,415513.56674951833,Electrical,Medium,76422.49157800716
3.565856518244624,5,272869.0011150482,Mechanical,Medium,53348.50480556154
2.560362357652793,4,83455.783170859,Electrical,Medium,16723.988761342625
9.070888821637826,3,291909.2286561366,Mechanical,Medium,68178.4389919652
1.7221037109547799,2,499857.1882738011,Electrical,Medium,72231.96546801859
5.720602506132292,4,76110.22434004337,Software,High,26807.606315958088
4.693571442906953,2,408561.7081296445,Electrical,Low,43745.014635353786
9.841407552177458,2,104447.19259059142,Software,High,41020.57833517989
2.008350119512471,1,391411.77640058356,Electrical,Low,35932.14217893874
4.580700391411675,5,367554.3836375852,Electrical,High,108509.65181788833
9.72523389947832,4,150944.20341461574,Electrical,High,51378.101603327865
8.789564133045822,2,163585.73566466046,Software,High,55088.06509283106
8.35364863854352,1,396468.17458949663,Software,Medium,77340.49199639051
3.3211254434044584,3,231261.310431769,Electrical,Medium,41247.12926203898
2.5379882865105925,4,365678.1963271926,Mechanical,Medium,68594.23183514427
7.017788979319879,2,74844.08953555155,Electrical,Medium,16892.01664317453
9.364383902148273,5,426426.3331688752,Software,High,225698.91441320677
6.010866037125368,1,355731.4736244772,Electrical,Low,57680.99701722255
6.144514205229099,2,453564.4616085821,Software,Medium,65965.98157524862
3.5198118429425573,5,67053.81713845125,Software,High,13531.896887768502
7.925436398727432,2,296914.2356799382,Software,Medium,44274.57589605876
2.6833937370177106,4,299961.1719351223,Electrical,Medium,69596.49275476966
3.913113127638193,4,177376.90953284444,Software,Medium,39855.336143181325
4.828927947547751,4,229774.74586005963,Software,Medium,31004.567303042142
5.568493408160095,1,19952.80008163688,Electrical,Medium,5521.698451345544
3.181687591735722,4,373184.15927487897,Software,Medium,72421.43818454267
2.033531422652832,5,275111.91722218384,Electrical,Medium,55990.44927637657
6.495580381974693,2,29812.784882717715,Software,High,11914.5293628502
3.597674979162302,3,340697.1905872823,Mechanical,Medium,85493.8411971598
6.231143992803511,5,233924.25653836277,Mechanical,High,89481.65018750598
2.389264437467821,5,18196.168453075,Software,Medium,4135.982968253475
5.330260916693358,4,484834.2556971996,Mechanical,Medium,124162.74076741295
5.793304892964272,1,474606.9594016308,Electrical,Medium,68747.395575281
1.4664118314018422,2,256938.3056574516,Mechanical,Low,32460.512137996953
4.029438503745285,1,47742.537932249186,Software,Medium,7598.587863099818
2.209732092450768,2,377555.9895776973,Software,Low,44101.126470906995
1.5703747342549097,2,246473.61895275878,Electrical,Low,16090.942845345537
9.909642091509507,1,151921.29166640056,Software,High,46387.36026477041
3.9011846047725065,5,246217.67058674982,Electrical,High,63800.203164662686
8.288870012691714,2,261699.62855732677,Mechanical,Medium,56933.193516707346
3.2917658928738747,1,281793.13781214727,Mechanical,Low,8553.444865089585
7.133524500015364,2,221170.63311400794,Electrical,High,69459.6974059624
7.842050739007179,3,303271.8962663893,Electrical,High,74625.2167093832
6.360748665470599,5,459448.6205925823,Software,High,149429.95610944147
5.244185696951425,4,181771.775462197,Mechanical,Medium,42510.57235094963
4.706568227325417,2,363132.5151467546,Electrical,Low,72683.10049476658
4.139814398886958,3,447331.82585529186,Mechanical,Medium,92022.94547744788
9.365762298230432,4,228533.65860420853,Electrical,High,88322.11839617544
8.475574670089562,4,222284.46235457016,Mechanical,High,66945.40136647392
9.685242195998613,2,301456.375692035,Software,High,115852.41356463937
2.1186750113699024,1,296111.9729518216,Mechanical,Low,13905.4351120006
7.577807276832798,2,403488.0818208122,Mechanical,Medium,104259.66611205685
9.44506411138934,3,238765.20850536806,Mechanical,High,91461.6871796605
2.6310975954909415,4,498065.35187008115,Mechanical,Medium,118246.46204342807
1.5984664063009975,2,30676.312864773106,Mechanical,Low,3534.53766139019
7.670085843610531,1,2580.756441770167,Software,Medium,371.92076547258023
6.170258018619207,2,320458.9574682523,Electrical,Medium,37788.918938456336
8.576458990824449,5,149919.02126857647,Mechanical,High,47909.309515443936
2.2579513896366055,1,120950.81196104242,Software,Low,2664.610904382177
8.157405806739012,3,156637.64092213594,Mechanical,High,59437.91235036625
2.8146458804297008,4,128767.7349873722,Mechanical,Medium,29048.78233703066
2.4729034857913406,2,16364.234780563476,Electrical,Medium,2532.832507462338
2.4783921813789362,1,485794.98815290374,Mechanical,Low,51262.951202111726
8.331172482082438,5,111151.99873793809,Software,High,53132.38481672524
6.986774986265801,1,367280.85153206385,Software,Medium,62398.88668354383
5.707588822922074,5,381535.6009523935,Electrical,High,132263.00656902272
4.229474357111522,3,464699.4416056074,Mechanical,Medium,79486.62558093996
8.894804867317974,4,16244.179089596606,Software,High,5628.716398128781
4.532005966803719,3,436152.12088505685,Mechanical,Medium,91386.43660984388
8.349394955244193,2,264085.8642390603,Mechanical,High,74885.79591179718
4.952214177131966,1,316639.5108729481,Mechanical,Medium,34594.23486708211
4.392499864824169,5,322590.6682833958,Electrical,High,112894.1422959682
5.164118071026458,5,410079.10468737903,Mechanical,Medium,83074.37975686188
3.7124008674772786,1,167370.25375739613,Software,Low,22153.14593715021
7.72848442158626,1,366792.5437401367,Mechanical,Medium,61936.90450064912
5.5244835108323125,2,264760.47675137635,Software,Medium,45615.49986834084
3.0899142563213555,3,396903.6131383685,Mechanical,Medium,48693.82524423855
9.096171159471115,5,495282.4703522966,Software,High,175534.6104301533
4.455020992358903,2,101124.85768447685,Software,Medium,11714.172941234718
5.891975750025898,3,497329.67213843897,Mechanical,High,169363.70102128587
9.158248998680923,2,45816.26498710423,Mechanical,High,15392.797847337682
6.618141963225929,5,2156.456404502119,Software,High,852.2308608045987
2.0520823663752767,1,23036.8061527378,Electrical,Low,3502.759361897278
9.458489112521276,1,171549.4199636441,Mechanical,Medium,32402.532409582374
6.6493724776427605,3,316820.2590085386,Electrical,Medium,80415.26630470582
4.014150531913775,4,35445.74090303697,Mechanical,Medium,6717.188440344046
2.2534486539704854,3,3827.241450254068,Mechanical,Low,519.9998500840082
8.146226703432664,4,468608.4232009386,Mechanical,High,194384.28261595746
6.580654803356621,2,411141.3913340249,Mechanical,Medium,88970.27561011892
5.801149827786894,2,404782.4023983765,Electrical,Medium,64520.70984391381
9.045033247458619,5,442327.71347548655,Mechanical,High,181405.30296969376
8.097374901020777,4,350317.1021132801,Software,High,100952.62771600229
2.365073917594761,5,53097.66074429264,Software,High,15814.700612258039
3.805498610159934,1,200150.9938487878,Electrical,Low,10428.447539544997
3.236402258330192,4,361851.59374585014,Mechanical,Medium,46796.83823949121
7.695516633154092,3,140886.89593496892,Software,High,49967.61352873316
1.3017919126220145,1,344015.77570398257,Electrical,Low,-15131.678787595656
6.129007163841849,1,13224.725685558524,Mechanical,Low,3333.4336190500576
7.862128171666215,3,153762.53309891702,Software,High,56839.328828536214
8.890890730855745,1,275016.03780230915,Software,Medium,30646.881030388224
4.078735738443167,4,316412.8249236149,Electrical,Medium,98437.91768279353
8.391315742048116,5,288943.2915664935,Mechanical,High,147238.25779212423
1.995685632596865,1,349180.3817606413,Mechanical,Low,31744.233469678482
8.618070625610663,4,4038.2853716796963,Software,High,1263.7677017289109
2.147397960987842,2,51369.65878878322,Software,Low,10609.17776014094
4.575585615043305,4,434603.1818872934,Software,High,122316.5784618604
8.175658292015983,5,341192.57340099046,Mechanical,High,129887.52593324365
2.349256846138964,4,57352.88970031964,Electrical,Medium,12967.679884806683
3.0632625570937733,3,421195.144261891,Electrical,Medium,62452.02143160396
7.500273115537596,5,121873.37769445889,Mechanical,High,42710.69391225246
7.480328828914669,2,239651.68221341653,Electrical,High,57177.34059457627
6.770328695967676,3,73453.05992944549,Software,High,20568.8969869208
7.2455360002039,4,355344.9181544316,Electrical,High,115716.13514643059
5.884519990128366,5,333760.35608611966,Electrical,High,92231.21678067837
3.266191530162575,2,106345.12311190195,Electrical,Medium,8677.345390202125
4.111263941535275,3,431836.98266164394,Software,Medium,74858.51988400392
2.634379451212831,2,201251.70608563637,Mechanical,Low,7452.448179702323
9.176055052002654,4,146965.03044430015,Software,High,47570.03418551661
6.250526152895084,2,77012.4651428032,Mechanical,Medium,21639.547132402233
4.607662750872759,1,133817.8382452532,Mechanical,Low,16304.56733035243
5.1580522327971945,3,11991.433690684682,Mechanical,Medium,1964.6118990089706
9.525550056506338,2,292045.48873560166,Electrical,Medium,62902.4976985279
2.380162628044722,4,421273.14242563,Electrical,Medium,62767.51617312487
6.276068488151175,4,274941.24427137926,Mechanical,High,97022.49548969975
5.5529981099601935,2,110417.70700001398,Mechanical,Medium,21922.141552950026
6.503088118911831,4,17800.919928722487,Electrical,High,5482.8328858970035
1.1629916543875645,5,108099.40855614262,Software,Medium,16944.90698492772
8.849115180497364,5,208644.59260747506,Mechanical,High,93551.09924789522
9.38906454235251,5,380046.1029211984,Software,High,119836.41476326094
6.086198652302881,1,94733.58341634928,Electrical,Medium,15007.114416490569
7.26985741489203,2,360175.9352239884,Mechanical,Medium,74127.8770283064
9.302494430595662,1,433599.80070758995,Software,Medium,74016.90534977861
7.3651477088205874,4,227519.47720607018,Software,High,76155.4071095602
2.3728513862283522,1,410894.5638296541,Software,Low,24657.35041298149
6.186595241501319,4,277774.0166695127,Electrical,High,98514.60558340955
6.460435417445703,4,318908.3277033716,Electrical,High,82914.95286855294
4.817176041721474,3,263612.95170876314,Software,High,88409.01541023089
7.627998120622506,5,232123.18565891954,Software,High,83739.5334446743
9.409303132921133,4,118092.06744614882,Electrical,High,41183.17417820675
9.330116616160987,3,152293.83567106197,Software,High,45645.03544222798
5.057554342637189,5,145695.0893528609,Software,Medium,40415.26486472208
2.019142412566797,4,282081.17654595355,Electrical,Medium,36020.082075531354
9.863570790661012,4,60856.89281892107,Software,High,19449.323380728525
8.550082778013406,1,458479.05366046523,Software,Medium,114997.7370408427
2.1219641308294017,1,360606.9174962735,Software,Low,20415.461794666455
9.28757694355635,5,201321.36982568362,Electrical,High,77426.09270060046
8.829067258559155,4,80153.4481186626,Software,High,32331.993131865045
5.669542514134649,2,441114.0926910963,Electrical,Low,80697.86110535928
6.321478921704363,1,412065.2669604814,Electrical,Medium,103578.68739498481
4.591024334831173,5,361139.0548058725,Mechanical,High,100078.0771938821
1.492854749398282,4,136501.97665820993,Mechanical,Low,19365.160650172904
4.016775174813108,4,201820.87207940078,Software,Medium,37052.84298070032
8.225681037382103,2,52271.377973759256,Electrical,Medium,12777.57960741238
1.0416882070414257,5,95330.72283903832,Mechanical,Medium,21931.450484303557
4.001492545220298,4,391725.3020210497,Software,Medium,75878.44987330932
4.5835182423184895,1,357804.32070649124,Mechanical,Low,47183.5062511373
5.836560426441306,2,297149.3957249914,Mechanical,Medium,30724.89480315467
9.278700547714845,5,447967.63623716024,Electrical,High,176857.4291325113
4.1171139492936515,2,292049.9923887096,Electrical,Medium,34824.54012981168
4.122578817066049,1,234017.03198184175,Mechanical,Low,38088.72861575028
7.637511232987736,5,170845.00240657557,Mechanical,High,58784.085161699964
5.069961468008264,2,470283.8043623501,Electrical,Medium,72431.94491561771
3.021443406459838,3,42275.01530065239,Software,Medium,3479.5825436652517
5.07195564519424,1,465512.7986583434,Electrical,Low,25839.09345467499
2.2677131834181985,1,413530.61530557816,Mechanical,Low,81492.43128266474
2.58748287855601,1,65835.03234331495,Software,Medium,7590.54476802655
5.4853099546553175,3,282927.1944799515,Mechanical,Medium,60121.016853385314
4.770329045540931,3,433407.4428927943,Software,Medium,58917.48906113352
9.2336131096129,4,286332.7726399697,Mechanical,High,118049.38345235655
4.261545092049698,2,453692.7109587505,Software,Medium,85602.81836498398
6.225295152502391,4,471548.9245912052,Software,High,133570.03714271667
6.690378591275773,2,211769.87656996865,Mechanical,Medium,29093.031849800216
1.1178501092950026,3,189279.5170417555,Software,Low,17061.914496052483
6.971836348150395,3,468224.25583060924,Electrical,Medium,99808.2803224594
2.6023237018277627,4,337894.89051368437,Mechanical,Medium,59939.244127939666
9.649632857225097,5,58895.317992736476,Electrical,High,23361.663798987127
2.3379645497780164,4,22103.582862117917,Mechanical,Medium,5083.9560979888265
4.731617113543214,2,282749.8964476343,Software,Medium,35407.75564709069
1.7681470127077947,4,465155.3117537739,Software,Medium,47533.805291427896
9.971868266613527,1,422280.10250050336,Software,High,134953.53147917855
5.519755092981184,2,338248.0254857039,Mechanical,Medium,29813.886417464284
6.358465155880394,2,70418.80859665267,Electrical,Medium,15503.676172461799
1.6036882964958474,5,127861.4604905991,Electrical,Medium,22881.254293531685
7.7496442335926,3,437880.10204975546,Mechanical,Medium,91667.02975077817
2.889150337860272,2,92220.81109179334,Mechanical,Medium,10481.78155218838
9.082488604966423,3,139941.26471696683,Electrical,High,54820.18775476719
2.8462567643380643,4,65670.72494652553,Electrical,Medium,14224.360995717609
2.716189485972999,1,338378.00747579115,Electrical,Low,33304.60138875802
1.328947010632854,5,472047.1703762416,Electrical,Medium,94184.10062954301
5.248602505989993,3,135215.0477660976,Mechanical,Medium,31356.039744440135
6.083570199363548,2,238227.89731718678,Mechanical,High,70999.02790317101
1.5913777548551713,3,317535.53011589096,Software,Medium,39246.570801382644
7.9797485502550956,2,499733.6578595997,Electrical,High,164289.745606718
5.079599512732249,3,53299.224433788484,Software,High,12484.792238656535
5.7195124239482205,2,249786.82895334886,Mechanical,Medium,44798.759412603635
4.966864722444053,4,193174.93983134752,Mechanical,Medium,37253.141566518294
4.6068675478779335,2,433044.26244595525,Software,Medium,60457.19343655734
6.036762981773961,2,238507.8977748163,Electrical,Medium,22473.500671769776
2.3971622133764123,1,56377.784767988895,Electrical,Low,3076.961120694626
2.63735317445744,2,317577.64849800523,Electrical,Medium,33429.987872710095
8.756070589121656,1,385619.528513676,Electrical,Medium,94898.27352105992
9.515039159202695,5,2437.7445811416815,Software,High,992.2029057756455
4.359783846517777,1,429619.38602489413,Software,Medium,78354.18558693344
3.436702058291984,4,93825.47700282715,Mechanical,Medium,22864.912208249654
6.795995889151142,1,276482.6129620356,Electrical,Medium,52090.81607156264
4.678607539882868,5,208482.9528430376,Electrical,High,68214.32616353907
1.2284772009431038,4,360107.25448865467,Electrical,Low,35930.58652501532
2.4053733762957132,3,186209.64577808516,Software,Low,45698.48452373511
7.443750059626578,3,435011.8251641737,Electrical,Medium,65584.1433889777
6.930315477191362,1,365517.6841184363,Software,Medium,65753.50128718185
1.2438639325313514,1,324208.8723603978,Electrical,Low,42243.7382013798
2.997749457396545,5,398324.0571858643,Electrical,Medium,94523.54183503402
3.0796731692926427,5,377257.49442926276,Mechanical,High,89953.51955485546
7.047034692388555,2,18933.398785855115,Electrical,High,5201.20099041019
1.1773948397892773,5,197972.44256856924,Electrical,Medium,25283.69098289865
1.9369772378611647,2,465472.84136092843,Mechanical,Low,9324.792802636905
8.199244768358705,4,63736.41022712088,Software,High,22913.558707639128
2.6069019584890025,1,368811.17866559356,Software,Low,27005.372260439006
6.874714970666872,4,487321.31385632954,Electrical,Medium,150287.37802836832
3.1436450294205387,5,27047.115893440845,Software,High,8869.111661157427
1.8949725348341064,4,341414.7464326786,Electrical,Medium,54795.25236511575
3.1885497189950867,4,234608.91650921418,Mechanical,Medium,36175.115812138705
7.500402386700932,4,290008.45243198634,Mechanical,High,100998.87705355138
8.701268212956572,5,43585.3269056781,Electrical,High,16027.428824090359
8.471978781102925,4,22460.4689816028,Mechanical,High,8098.271165070133
4.5746517665660935,2,333766.4636149099,Mechanical,Low,84677.07417699884
7.012766229135815,5,411831.4054805382,Electrical,High,124354.01075936199
2.844858658742389,4,391225.65213155065,Electrical,Medium,64255.208785000075
3.6383295723491194,5,272359.05820525246,Mechanical,Medium,65337.40293893917
9.067022366690077,3,50833.543746952906,Software,High,16571.6485095431
1.1170173115966242,2,344334.1774741709,Software,Low,63971.21326334064
1.7695767776902127,4,121702.55289351883,Electrical,Medium,23180.272594722996
2.870976296314246,3,455623.2826809244,Electrical,Medium,53362.65522191715
1.2387898348643773,3,419294.41441330675,Software,Low,58191.89381234659
2.632918915808176,5,354982.10057660803,Mechanical,Medium,54760.72696988276
6.247374048727229,3,474474.1319597341,Software,Medium,77755.72708895185
4.792820955332481,2,16679.48893412519,Software,High,4251.308426241825
9.034045399692774,2,368364.01210532023,Software,High,143182.62703164853
8.356992055645968,1,165791.14688886626,Software,Medium,38567.51914834721
4.076356165280884,2,453126.8769574963,Electrical,Medium,67976.49098821326
3.3348109008816325,3,134070.92313432682,Electrical,Medium,26691.036898017643
4.417231673505402,2,362703.3931581935,Mechanical,Medium,61546.92501611119
6.31265448263327,5,438945.8628057399,Mechanical,High,125624.18405236925
3.4125727674058863,1,21786.75237295853,Mechanical,Low,2482.2019652168815
6.617340170642207,3,199426.14221642603,Mechanical,Medium,41002.438173646486
4.6847048697211635,1,381392.2069789474,Software,Low,68023.24135988251
5.968424627667822,3,228004.52586428594,Electrical,Medium,39035.02336059911
4.92513876221785,5,134359.06226700408,Electrical,High,37384.58312364326
3.650191835877259,1,110682.86906277182,Mechanical,Low,13555.943017047954
9.53607976265941,4,66627.61519127258,Mechanical,High,22704.690512530637
7.872452147437848,3,428707.65036828484,Software,High,133718.76964880349
2.261018581898073,4,288102.34622252645,Software,Medium,46059.29664782144
8.816211783081215,1,39116.087550736534,Mechanical,High,11073.411111015588
5.386880784245623,4,191907.5814617471,Electrical,Medium,49696.83806826598
9.050970042046822,4,184499.09175174983,Electrical,High,80530.03551268953
8.198697303525837,1,91687.85616402203,Electrical,Medium,21649.886422089134
4.826921540223101,5,218318.30511062316,Mechanical,High,51052.418065440266
1.2022237748810567,4,166717.5833311751,Electrical,Medium,19328.348591563266
3.4180962344645147,4,171560.0490405991,Software,Medium,29566.459424312656
5.874707931947802,5,369774.25233619136,Software,High,90893.08337826635
6.701303978435325,4,112408.42936709296,Mechanical,High,32230.303967322045
3.3209891688988207,4,321288.1194688223,Software,Medium,54697.16226248932
2.254204666655417,4,285754.16231658653,Mechanical,Medium,40395.455971565425
8.514372131193692,2,284478.1636565958,Electrical,Medium,62058.36828546404
9.85961962633197,5,331840.6657247462,Electrical,High,109126.75740722043
5.731211640724172,4,274642.6360616313,Electrical,High,80457.6744800333
2.5451135726347314,5,439748.3023083459,Software,High,130065.31891761214
3.4507659386743206,3,338114.4658831796,Mechanical,Low,54866.36273389294
1.1655160889272005,3,273934.6624343227,Electrical,Low,41042.92378035815
9.228689259044492,4,415051.7970235348,Mechanical,Medium,119476.41889135016
2.05975974601127,5,303467.1359018064,Electrical,Medium,48718.931956114415
6.188648279628282,5,146280.97964480432,Software,Medium,36399.92533654145
3.466496986184854,5,104340.36417010904,Software,High,27336.945869821324
5.9876020226421405,2,77011.56504567672,Mechanical,Medium,12807.224605228173
6.862783495166778,3,449828.1510605047,Software,High,117027.68710238228
8.467676233364815,5,355357.58046723483,Software,High,152905.52161505356
2.8577914458454288,5,468751.8406439961,Mechanical,Medium,83996.65326387895
1.0989624579263242,2,302042.61105175654,Electrical,Low,48230.65017376336
2.2319706706192655,2,237227.03986596136,Software,Low,32987.45503205852
9.100167776632945,5,30798.527996473775,Mechanical,High,10539.853881685032
8.865010698062637,1,336149.49849146884,Software,Medium,72450.46626464471
6.376717919532775,5,291522.17112434737,Software,High,112567.40390120517
6.40465174390288,5,495114.2379002231,Software,High,169423.50575753918
6.9853300709163,2,120340.23011333928,Software,High,35919.32260860421
2.5783415076110465,2,265837.94028813107,Mechanical,Medium,26876.81581157499
9.229707513324637,5,325827.71022391826,Mechanical,High,126959.01948713162
4.768934724028658,5,322650.9961964295,Mechanical,Medium,75316.07690253515
4.448246754245477,5,281085.477931253,Software,High,80891.59696862832
5.670259347545538,2,388687.0771532855,Software,Medium,47065.76578070264
1.4226937009754954,5,103285.62355388139,Software,Medium,24348.44243197643
2.4965503188047147,5,363087.9729369335,Mechanical,Medium,79027.65135576965
7.642302547837334,4,310247.5511451115,Software,High,98426.54221921218
1.7451880113261382,1,448141.4807854921,Electrical,Low,48023.14717406072
6.428368985197494,3,423750.02507775725,Software,High,98520.44067133345
3.2081419871318886,1,158258.3725271441,Electrical,Low,3049.4142876070105
4.503660526377789,4,138842.42516260137,Software,Medium,34955.18586823056
3.598243630936299,3,490845.0086023715,Mechanical,Medium,86119.35140678422
4.201054448184542,5,264105.325276713,Software,Medium,55628.68775366451
7.471413146658209,4,453304.06099330395,Electrical,Medium,115005.07952826652
3.6740954406085753,5,82776.63086646062,Electrical,Medium,30330.84873365004
6.097641762672074,2,321766.63848528697,Software,Medium,72371.55629254154
5.284453619791897,4,405120.2334929325,Electrical,High,104113.78972753072
6.973040488263833,2,473750.22954363696,Electrical,Low,52385.77856831018
9.431467653922821,4,169332.73036749472,Mechanical,High,71830.74152668672
7.593148874892252,4,362765.6037921022,Software,High,140282.19388962083
2.934463407316811,2,269867.6915107699,Software,Medium,43926.36131016298
1.2806482155515622,3,31253.834107167626,Software,Low,2768.01993591953
3.360376398698426,1,345309.86891716276,Electrical,Low,47849.5593484224
6.355701376302293,5,345358.18256068387,Software,High,106773.78914137921
1.462832321358253,4,465372.795618422,Software,Medium,86131.93189320825
5.467296224811127,5,249158.91063831723,Mechanical,High,94964.99745960289
6.371585640252003,2,115895.20943454682,Mechanical,Medium,18357.818171890573
4.008195017352647,5,23237.347900890898,Mechanical,High,8521.447630011648
7.938209833712397,2,208405.45115626694,Electrical,Medium,44768.77693794555
1.9593842782039461,5,151656.4333386734,Software,High,46101.19365494193
1.6762400356222789,1,380783.0647059139,Mechanical,Low,11294.76150525404
7.55369880583243,1,177779.61465568226,Mechanical,Medium,34652.12823909349
5.459421845855786,1,474586.5269611071,Mechanical,Low,56054.41527826819
7.195621567849624,1,481192.79129090434,Software,Medium,97040.22362881838
4.913446047433716,1,310833.3865186363,Software,Medium,67469.44023138226
3.2176182991519613,1,464401.48322042654,Software,Medium,61644.78521532033
8.371920859067798,2,380666.3179127333,Electrical,High,102983.96870231451
8.194742910720814,4,273882.96084658796,Electrical,High,105238.00717548905
7.252268237689841,5,90973.65977596628,Mechanical,High,34467.5053259414
3.449306235069664,1,229840.37381340616,Software,Low,51638.163430197186
6.312076001821784,2,280876.3572179462,Mechanical,Medium,55439.24564312932
4.248765072460241,2,432116.82878677006,Software,Medium,53780.278104296645
1.8242386599397074,2,241185.35489129677,Software,Medium,37599.745544345715
9.255822179160186,4,448939.6616663004,Software,High,162719.71981742934
2.2313676782706526,5,337500.140532711,Electrical,Medium,63275.560670134706
9.552136184387223,4,69362.53246378202,Electrical,High,22671.715369551865
5.014051956621602,3,497495.70329322136,Software,High,138845.59759403934
